word,freq
樊振东,6295
德甲,4321
德甲联赛,1043
俱乐部,770
比赛,744
发布会,731
加盟,702
视频,692
首秀,686
微博,647
乒乓球,628
回应,555
萨尔布吕肯,427
优酷,398
德国,332
首战,326
揭幕战,286
联赛,282
乒超,279
失利,270
今晚,251
客场,251
出席,245
争议,235
首次,229
亮相,225
一超话,214
乒颜,208
新闻,206
赛程,198
时间,180
球队,179
适应,174
代表,160
参加,153
体育,152
关注,151
出战,149
国家队,149
甲级联赛,148
发布,134
吴敬平,130
赛季,127
是否,125
欧洲,125
欧冠,121
加入,116
阶段,115
图片,114
中国,113
引发,113
第三轮,113
链接,113
预告,113
鲁伊斯,109
打球,107
网页,106
朱雨玲,105
队友,105
直播,102
谈樊振东,99
征战,98
赛事,98
需要,98
期待,96
为什么,94
观看,94
媒体,92
预约,90
上海,88
樊振,87
王楚,86
宣布,85
小红书,82
球迷,82
第三阶段,80
调整,80
笔记,79
坏事,76
并非,76
球员,76
决赛,75
地产,74
对手,74
待遇,74
表示,74
主帅,73
超话,73
奥运冠军,72
晚上,70
东首,69
凯迪拉克,69
国乒,68
赛场,68
状态,67
集团,67
乒协,66
对阵,66
经理,66
季前,65
德国杯,65
训练,65
未来,64
照片,64
解说,64
内容,63
看看,63
社交,63
舆论,63
第二阶段,62
加油,61
大家,61
教练,61
高度,61
中国国家队,60
一张,59
凤凰卫视,59
次日,59
不少,58
小胖,58
杜达,58
突然,58
好奇,57
锁定,56
首场,56
世界,55
北京,55
开始,54
相关,54
赛制,54
运动员,54
上工,53
慢慢,53
来说,53
冲突,52
面对面,50
乒乓,49
支持,49
确认,49
第二场,49
问题,49
知道,48
继续,48
选择,48
保护,47
总决赛,47
王皓,47
倪夏莲谈,46
弗朗西斯,46
如何,45
挑战,45
查看,45
此前,45
名人,44
国内,44
完整,44
采访,44
两个,43
参赛,43
来智,42
消息,42
进行,42
app,41
一起,41
来看,41
正文,41
确定,41
冠军,40
无缘,40
表现,40
隐私,40
下载,39
主场,39
几分,39
回归,39
宝宝,39
新疆,39
详情,39
赛后,39
wtt,38
决定,38
周六,38
应用,38
确实,38
立刻,38
乒坛,37
效力,37
柯尼希,37
热议,37
转发,37
一样,36
东东,36
全力,36
关键,36
原因,36
备战,36
点评,36
码住,36
第一,36
计划,36
XT5,35
不同,35
打法,35
欢迎,35
环境,35
迎来,35
选手,35
ttbl,34
出炉,34
发文,34
常规赛,34
现场,34
一场,33
东哥,33
为何,33
名单,33
基本,33
希望,33
斯霍芬,33
注册,33
纽汀克,33
中心,32
周日,32
超级,32
领衔,32
不想,31
乒羽,31
做好,31
兼顾,31
出发,31
国际,31
正常,31
波尔,31
人生,30
信息,30
哪个,30
外界,30
安排,30
开战,30
沟通,30
职业,30
贝塔,30
迈尔,30
酒店,30
后续,29
奥运会,29
时候,29
解放日报,29
许昕,29
首胜,29
上海市,28
互动,28
包含,28
咚咚,28
无法,28
最快,28
订婚,28
赛前,28
较量,28
退出,28
邱党,28
ttw,27
一次,27
两场,27
代言人,27
刘国梁,27
平台,27
战幕,27
揭开,27
知识,27
乒超后,26
去年,26
对于,26
收获,26
竞技,26
第一二,26
表达,26
不要,25
准备,25
即将,25
国家,25
坐等,25
安踏,25
战前,25
所在,25
施塔特,25
潇湘晨报,25
看到,25
眼前,25
祝福,25
第三,25
记者,25
质疑,25
起来,25
转播,25
还会,25
通过,25
门票,25
不敌,24
体育馆,24
官方,24
开赛,24
接受,24
男单,24
精彩,24
主动,23
发球,23
多特蒙德,23
巴特,23
巴黎,23
报道,23
方博,23
日至,23
根据,23
满贯,23
系列,23
观赛,23
诺伊,23
贝格,23
运动,23
专注,22
分析,22
创作,22
宣传,22
开门红,22
看起来,22
背后,22
重返,22
不过,21
全运会,21
品牌,21
意味着,21
核心,21
留洋,21
联系,21
胶原蛋白,21
融合,21
这里,21
重组,21
霉霉,21
不见不散,20
为了,20
公开,20
到底,20
好好,20
很多,20
得到,20
慢慢来,20
技术,20
最强,20
有些,20
有点,20
海报,20
球台,20
程靖,20
第四,20
认知,20
过程,20
这样,20
那么,20
一些,19
一分钟,19
一年,19
世排,19
事情,19
今日,19
八点,19
其他,19
分享,19
名将,19
孤身,19
强调,19
得知,19
恢复,19
接下来,19
改进,19
最终,19
琢磨,19
第二,19
美国,19
职业生涯,19
这是,19
部分,19
重要,19
上海队,18
专业,18
专访,18
乌鲁木齐,18
其实,18
厦门,18
孙颖莎,18
完全,18
当今,18
影响,18
明确,18
曝光,18
更好,18
最后,18
第一阶段,18
第二轮,18
综合,18
草率,18
观众,18
评价,18
遗憾,18
邀请,18
一件,17
举行,17
之后,17
作为,17
出现,17
喜欢,17
大满贯,17
女单,17
应该,17
感觉,17
热点,17
热爱,17
玉泽,17
篮球,17
能够,17
赛程表,17
输赢,17
这么,17
霍芬,17
首轮,17
高远,17
mark,16
主教练,16
之旅,16
了解,16
亲和度,16
全程,16
努力,16
包括,16
向鹏,16
哪里,16
国球,16
头条,16
巴特克,16
总结,16
昔日,16
最新,16
格斯,16
维度,16
解读,16
调查,16
一直,15
不用,15
保持,15
北京日报,15
变化,15
只有,15
回来,15
团队,15
安德烈,15
实力,15
当然,15
感谢,15
收看,15
本周,15
觉得,15
足球,15
输球,15
输给,15
达科,15
下一场,14
倪夏莲,14
具体,14
内斯库,14
冠军赛,14
压力,14
发展,14
周雨,14
场馆,14
官宣,14
山东,14
工艺,14
张继科,14
当地,14
成为,14
拿到,14
攻略,14
文章,14
明日,14
樊振东会,14
樊振东倩,14
正确,14
正韵,14
澳门,14
特异性,14
理解,14
由于,14
结束,14
能力,14
获得,14
落败,14
词林,14
面对,14
顺利,14
领导,14
风格,14
七点,13
下周,13
不负,13
世乒赛,13
两人,13
个人,13
倒计时,13
前往,13
双打,13
只是,13
商业,13
圆圆的,13
地方,13
备案号,13
完成,13
对战,13
尊重,13
意外,13
提升,13
方式,13
日晚,13
时刻,13
明晚,13
比分,13
汤布,13
泽利科,13
热身,13
焦点,13
特别,13
生活,13
真正,13
第一场,13
网友,13
评论,13
资格,13
输掉,13
音频,13
顾星宇,13
高喊,13
一切,12
不了,12
不好,12
两连败,12
主席,12
举办,12
事先,12
交手,12
以下,12
公布,12
内幕,12
勒布伦,12
单打,12
参与,12
发现,12
周恺,12
呼吁,12
和小红,12
多少,12
奥体中心,12
存在,12
开启,12
开售,12
得主,12
打乒乓球,12
故事,12
日报,12
晚八点,12
普通人,12
月底,12
来自,12
正式,12
水平,12
王励勤,12
直接,12
相信,12
粉丝,12
结果,12
缺席,12
胜利,12
节奏,12
莫雷,12
菲利普,12
豪森,12
起源于,12
距离,12
转会,12
迎战,12
透露,12
钱江,12
首位,12
马龙,12
一定,11
两战,11
主要,11
任务,11
关注度,11
出场,11
分钟,11
加德,11
合同,11
同样,11
哪些,11
国外,11
国际乒联,11
奥运,11
密集,11
差异,11
帮助,11
成功,11
战略,11
排名第,11
文化,11
梁靖,11
欧洲人,11
此役,11
氛围,11
热度,11
熊猫,11
熟悉,11
王安珍,11
王志,11
球衣,11
生涯,11
用球,11
登场,11
经验,11
规则,11
话题,11
这种,11
退役,11
阵容,11
雄安,11
魏桥,11
dyn,10
lfandomination,10
不足,10
世界排名,10
两连胜,10
互关,10
共同,10
决策,10
决胜盘,10
出来,10
吴敬,10
周年,10
哈贝松,10
困难,10
外国人,10
失误,10
对决,10
导致,10
小时,10
少林寺,10
开票,10
德语,10
心态,10
情况,10
想太多,10
意义,10
拥有,10
提供,10
提到,10
星光,10
机会,10
杜塞尔多夫,10
每天,10
沙特,10
称樊振东,10
竞技状态,10
联盟,10
肯定,10
西甲,10
规模,10
认为,10
身份,10
身体,10
这场,10
这次,10
选项,10
遇到,10
遭遇,10
队伍,10
顶尖,10
首个,10
gutentag,9
一单,9
一种,9
东儿,9
东方,9
主播,9
乒乓球赛,9
九点,9
人们,9
任何,9
传统,9
体验,9
作出,9
作战,9
倪妮,9
全新,9
公众,9
关心,9
动态,9
只战,9
只要,9
名字,9
后面,9
哥哥,9
场地,9
大赛,9
天前,9
头像,9
套盒,9
孩子,9
展现,9
巨星,9
平谈,9
广告位,9
当前,9
惜败,9
所有,9
新鲜事,9
更新,9
有人,9
来源,9
标识,9
每个,9
比较,9
没关系,9
海外,9
热血,9
独家,9
现阶段,9
球馆,9
甚至,9
生成,9
穆尔,9
签约,9
纠错,9
绝非,9
网球,9
萨尔,9
蓝色,9
虽然,9
进入,9
连胜,9
避免,9
饭圈,9
keep,8
xvii,8
一天,8
一队,8
万元,8
下半年,8
下榻,8
下次,8
个体,8
买倩,8
五局,8
依旧,8
免费,8
全力以赴,8
全国,8
准时,8
几乎,8
升级,8
单方面,8
博士,8
双方,8
发生,8
只能,8
合作,8
合成,8
周二,8
困扰,8
场次,8
央视,8
对抗,8
已获,8
帕特里克,8
康如,8
当下,8
待定,8
态度,8
惊喜,8
想法,8
想象,8
成绩,8
所有人,8
手感,8
找回,8
护理,8
报名,8
持续,8
搜索,8
敬请,8
整个,8
整理,8
方面,8
日本,8
是不是,8
有输有赢,8
朋友,8
本质,8
本赛季,8
此次,8
毕竟,8
治疗,8
流量,8
深入,8
深刻,8
点球,8
爱好者,8
版权,8
男团,8
看见,8
突破,8
第一次,8
第一盘,8
第三场,8
简单,8
累计,8
考量,8
观点,8
记得,8
谢谢,8
迎接挑战,8
长文,8
长期,8
问及,8
集中,8
需求,8
预热,8
首先,8
Z0108283250413001,7
live,7
nigshofen,7
三个,7
不太,7
不莱梅,7
专区,7
世锦赛,7
东海,7
丹尼尔,7
主力,7
争取,7
事件,7
休息,7
优惠,7
倩碧官,7
入场,7
关于,7
写道,7
冠军联赛,7
冲击,7
出樊振,7
区别,7
南方,7
印象,7
原来,7
双线,7
可怕,7
各自,7
周一,7
周五,7
培养,7
基地,7
夸张,7
如下,7
官博,7
官博晒,7
实施,7
实时,7
小弗,7
小饼,7
尽管,7
工作,7
常用,7
张本,7
徐瑛彬,7
怎么样,7
感受,7
懂球,7
战胜,7
才能,7
指出,7
振东,7
描述,7
握手礼,7
播放,7
教练组,7
晋级,7
本来,7
樊振东于,7
渴望,7
满足,7
澎湃,7
激情,7
爱德华,7
王安珍行,7
目标,7
直播间,7
瞬间,7
积分,7
等待,7
签证,7
精选,7
系统,7
经历,7
结构,7
罗曼,7
美好,7
胜负,7
自我,7
视角,7
证明,7
象征性,7
财力,7
这句,7
通常,7
通票,7
那样,7
重心,7
重新,7
重点,7
锐歌,7
闫安说,7
队服,7
除了,7
顶级,7
项目,7
预计,7
香子,7
66c53d495417,6
Z0108283250913001,6
cken,6
一事,6
一位,6
一切顺利,6
上场,6
上次,6
下个,6
下午,6
下来,6
世界杯,6
东西,6
中文,6
之前,6
之间,6
乒乓球台,6
以往,6
会员,6
传闻,6
住持,6
体系,6
例如,6
允许,6
全面,6
其中,6
再次,6
几个,6
凸显,6
出国,6
前国,6
办法,6
功勋,6
南京,6
发挥,6
发酵,6
合影,6
同行者,6
告负,6
售罄,6
商业化,6
商务,6
回复,6
回放,6
回答,6
基础,6
声音,6
处理,6
多哈,6
天下,6
夺得,6
学习,6
官网,6
定律,6
实现,6
对话,6
小樊,6
小熊猫,6
少年,6
局间,6
巴鲁,6
带个,6
延至,6
开博,6
开打,6
当时,6
影响力,6
很大,6
德媒,6
思考,6
悬念,6
战术,6
战绩,6
打出,6
据悉,6
排名,6
提前,6
摆摊,6
新华社,6
新规,6
既然,6
暴露,6
最佳,6
最好,6
月份,6
本人,6
本身,6
杯赛,6
梳理,6
毛巾,6
江苏,6
河北,6
洛杉矶,6
活动,6
清晰,6
清楚,6
澳门站,6
点击,6
燥候,6
爆冷,6
玲珑,6
理性,6
用户,6
瞬息万变,6
积累,6
窗口,6
答案,6
米诺,6
红书,6
红色,6
美白,6
考验,6
而已,6
而是,6
而言,6
职业联赛,6
聚焦,6
至于,6
表态,6
要求,6
讨论,6
详细,6
超前,6
足球场,6
路过,6
身边,6
过后,6
近期,6
适用,6
逐渐,6
重申,6
防晒,6
阿宝,6
高强度,6
高清,6
lfeelingling,5
lttbl,5
一周,5
一步,5
一线,5
三局,5
上优,5
上班,5
不到,5
世界冠军,5
两位,5
两局,5
中场,5
临时,5
乌龙茶,5
乒丝,5
也许,5
二人,5
云达,5
人员,5
今年,5
代言,5
代谢,5
以后,5
估计,5
似乎,5
位置,5
体制,5
体坛,5
何时,5
余嘉豪,5
使用,5
保障,5
值得,5
健康,5
全场,5
全球化,5
八一,5
关系,5
再度,5
出去,5
出赛,5
利益,5
力量型,5
助力,5
单场,5
单场票,5
历史,5
原文,5
取决于,5
只身,5
各种,5
吸取教训,5
周雨谈,5
哪位,5
商业价值,5
喝水,5
四个,5
回到,5
场边,5
城市,5
处于,5
大疱性,5
天地,5
天气,5
夺冠,5
奇克,5
好像,5
实际,5
宣倩,5
展望,5
帽子,5
延长,5
开局,5
开幕,5
当打,5
往返,5
心里,5
必须,5
快节奏,5
想要,5
意愿,5
感到,5
成员,5
成长,5
或许,5
所说,5
手机,5
扶持,5
投资,5
抵达,5
探讨,5
接发球,5
提取,5
提问,5
揭示,5
操作,5
效应,5
新区,5
方向,5
施雷尔,5
日期,5
日默瓦,5
明星,5
明白,5
昨晚,5
暂停,5
有没有,5
期间,5
权威,5
条件,5
来到,5
松解,5
根本,5
格局,5
梅莹,5
检验,5
每次,5
气氛,5
水解,5
法师,5
法网,5
流动性,5
海露,5
消费,5
涨球,5
深圳大学,5
深意,5
激战,5
点半,5
点见,5
燃烧室,5
猜测,5
王曼昱,5
现代,5
男队,5
直言,5
相持,5
看法,5
看过,5
矛盾,5
研究,5
确保,5
科普,5
突发,5
符合,5
第二盘,5
紧张,5
红薯,5
细分,5
细胞株,5
给予,5
绝对,5
老师,5
胖胖,5
自小,5
英文,5
茫然,5
荔枝,5
药物,5
蜉蝣,5
补充,5
补货,5
表皮,5
观察,5
解释,5
说法,5
谈及,5
责任,5
资源,5
走过,5
超人,5
超高,5
跳板,5
转播权,5
迅速,5
过往,5
过来,5
这一,5
这位,5
送来,5
选购,5
速度,5
都市报,5
错过,5
问问,5
队长,5
陌生,5
雨果,5
面临,5
预期,5
首秀中,5
马住,5
Wook0804,4
ctta,4
fan,4
hylosport,4
mltt,4
tsvbadk,4
usmile,4
vplus,4
wok,4
一分,4
一只,4
一大,4
一点,4
一遍,4
七成,4
三项,4
上午,4
上演,4
上线,4
不如,4
不怕,4
不止,4
不管,4
不错,4
东来,4
两件事,4
中国乒乓球队,4
为主,4
丽心,4
之一,4
乒颜一,4
乱象,4
事使,4
产品,4
人工智能,4
以上,4
价值,4
优势,4
会上,4
传播,4
体圈,4
体育中心,4
何用,4
佛教协会,4
你好,4
依据,4
依约,4
倪夏莲聊,4
做出,4
偶然,4
像是,4
充满,4
先农坛,4
全部,4
公式,4
六号,4
再见,4
决胜局,4
几道,4
出击,4
出征,4
出行,4
分为,4
分布,4
分散,4
刚刚,4
利勃,4
制度,4
劲旅,4
包小包,4
匹配,4
单篇,4
印乐,4
印证,4
即便,4
反超,4
发出,4
发售,4
发声,4
发言,4
取关,4
变多强,4
各国,4
吊桥,4
同事,4
向东,4
听听,4
听说,4
启动,4
告别,4
告诉,4
周末,4
咱们,4
唯一,4
喊出来,4
喊话,4
嘟嘟,4
回顾,4
团体赛,4
团子,4
国乒超话,4
地点,4
场上,4
坦坦,4
增设,4
声浪,4
复盘,4
外卖,4
外援,4
多于,4
多方,4
大使,4
天赋,4
太近,4
失败,4
奥克,4
女排,4
如今,4
如此,4
委员,4
安保,4
安慰,4
官宣樊振东,4
富尔达,4
对方,4
对此,4
将视,4
小孩,4
小小,4
小峰,4
小鱼,4
尚坤,4
尚未,4
尽快,4
展开,4
巴西,4
幕后,4
干扰,4
平衡,4
年乒超,4
应对,4
底蕴,4
建立,4
开放,4
强大,4
征程,4
很难,4
德乒甲,4
心情,4
忠诚度,4
快乐,4
快报,4
怎样,4
成都,4
我会,4
我要,4
房间,4
才刚,4
扩散,4
找到,4
承诺,4
抗压,4
拍摄,4
拭目以待,4
按照,4
挚友,4
挥手,4
挽歌,4
推动,4
提醒,4
提高,4
搭档,4
改变,4
数据,4
斯威夫特,4
斯巴赫,4
斯霍芬队,4
新增,4
新生代,4
无从,4
无敌,4
日来,4
时代,4
时光,4
时政,4
是因为,4
普鲁士,4
更大,4
最懂球,4
最热,4
有何,4
有助于,4
有效,4
未公开,4
未必,4
朱小勇,4
权衡,4
条款,4
来小红书,4
来得,4
来来来,4
林诗栋,4
样子,4
格伦措,4
格林,4
樊振东国,4
樊振东官,4
樊星,4
次局,4
正东,4
正如,4
残留,4
每场,4
永远,4
没事,4
注意,4
泰勒,4
洪堡,4
海尔,4
涉及,4
深度,4
温泉,4
热盼,4
爷孙,4
物料,4
特点,4
王涛,4
现役,4
珍咚,4
生产,4
电台,4
电话,4
目的,4
看台,4
离开,4
笑容,4
等等,4
米尔豪,4
系统性,4
索林,4
约定,4
纯享,4
纯粹,4
纳迪,4
纷纷,4
细节,4
经济,4
给出,4
罚款,4
聊聊,4
背景,4
能否,4
自动,4
舆论压力,4
芬芳,4
莫汉,4
蛋白,4
蜜蜂,4
衣服,4
补漏,4
西班牙,4
见识,4
规定,4
诗栋,4
说一说,4
说明,4
谴责,4
负责,4
资本,4
赛况,4
路子,4
身心健康,4
身着,4
转载,4
辜负,4
达人,4
过去,4
迎接,4
运作,4
近距离,4
这件,4
这条,4
逐步,4
遭受,4
邮政,4
重生,4
锻炼,4
镜头,4
阅读,4
陈熠,4
隐藏,4
难以,4
难以想象,4
需以,4
青笙,4
非常规,4
韦特,4
页面,4
风入松,4
风险,4
首局,4
首度,4
首批,4
马贝策,4
验证,4
黄石,4
Lzezeqiqi77,3
bergneustadt,3
cut,3
deb,3
instagram,3
mlb,3
qaq,3
rimowa,3
shakehands,3
sportai,3
tbbl,3
tischtennis,3
xt5,3
一个个,3
一个月,3
一人,3
一如既往,3
一把,3
一条,3
一段时间,3
一缕,3
一部分,3
万名,3
三场,3
三点,3
上升,3
上涨,3
上赛季,3
下场比赛,3
下滑,3
不可或缺,3
不断,3
不知,3
专业人士,3
专用,3
专程,3
两分,3
两天,3
两盘,3
两者,3
严格,3
中国队,3
中均,3
中要,3
之所以,3
乌萨咚,3
乐观,3
乒乓球队,3
九月,3
也好,3
习惯,3
二郎神,3
五个,3
交流,3
产生,3
享受,3
人去,3
人家,3
人数,3
人民日报,3
亿缕,3
介绍,3
仍以,3
从不,3
从中,3
从来不,3
从而,3
仓促,3
以外,3
优质,3
伤害,3
低温,3
体会,3
体现,3
体育局,3
体能,3
佛教,3
侃球,3
保密,3
修正,3
假期,3
元宝,3
兄弟,3
先后,3
先进,3
先锋,3
全民,3
全职,3
全胜,3
八强,3
八月,3
兰溪,3
共勉,3
关联,3
关键点,3
其次,3
典型,3
内部,3
几年,3
分别,3
分步,3
分离,3
分配,3
创享,3
创作者,3
创新,3
利用,3
别忘了,3
刷新,3
前提,3
动力,3
努伊廷克,3
勇气,3
包袱,3
半决赛,3
卡比,3
卫冕冠军,3
原本,3
友善,3
友好,3
双螺旋,3
反对,3
取得,3
取胜,3
另外,3
只会,3
各方,3
各项,3
同框,3
同款,3
周刊,3
周边,3
回合,3
回国,3
固液,3
国籍,3
国考,3
图频,3
圈内,3
在线,3
地区,3
地去,3
地址,3
垃圾,3
基本上,3
增加,3
外协,3
外国,3
多久,3
多地,3
多多,3
多次,3
大使馆,3
大巴,3
大概,3
大比分,3
大湾,3
大王,3
大陆,3
天使,3
太仓促,3
头发,3
奇怪,3
奥地利,3
女团,3
女子,3
好久没,3
好事,3
娱角,3
媒体报道,3
安全,3
审核,3
客战,3
客观,3
家乡,3
容易,3
对待,3
小咚,3
小城,3
小手,3
小熊,3
尹航,3
履行,3
岁月,3
巅峰,3
左右,3
差不多,3
市场,3
带动,3
带来,3
席卷,3
平时,3
年前,3
年底,3
幼东,3
广东,3
广州,3
广泛,3
廊桥,3
开幕式,3
开心,3
开门,3
引入,3
引力场,3
当中,3
录音,3
形成,3
彩蝶,3
很快,3
很棒,3
微笑,3
必要,3
性质,3
总经理,3
情绪,3
慢动作,3
我国,3
我来,3
或者,3
战神,3
截图,3
截止,3
截至,3
所谓,3
手段,3
手生,3
手记,3
打乒超,3
打卡,3
打响,3
打扰,3
打招呼,3
打磨,3
扛起,3
扣除,3
承受,3
担任,3
担心,3
挺拔,3
换届,3
探索,3
接球,3
措施,3
提出,3
提及,3
提示,3
揭秘,3
搏杀,3
摄氏度,3
摸头,3
播出,3
收官,3
收藏,3
放在,3
文字,3
新东家,3
旁边,3
无论,3
日倩碧官,3
日起,3
早安,3
早报,3
时隔,3
明显,3
星姐,3
星期日,3
星河,3
晁补之,3
晚安,3
智利,3
暂时,3
更加,3
更多,3
更换,3
更是,3
更衣室,3
有个,3
有意思,3
有所,3
有时候,3
有种,3
有血有肉,3
朦胧,3
未能,3
朱颜,3
朵朵,3
机场,3
東哥,3
林昀,3
果然,3
查缺,3
梅花,3
模式,3
橘子,3
欧联杯,3
正好,3
正手,3
步伐,3
段时间,3
每年,3
水印,3
江湖,3
没到,3
没想到,3
河南省,3
泄露,3
派来,3
流媒体,3
淘汰赛,3
深受,3
深层,3
添加,3
清凉,3
渠道,3
温馨,3
漂流瓶,3
激烈,3
灌饼,3
热潮,3
片儿,3
独立,3
猴子,3
玉面,3
王者,3
环节,3
球桌,3
理论,3
琳琅,3
瑞士,3
生命,3
电池,3
男孩子,3
留言,3
白马寺,3
直面,3
看着,3
真实,3
眼神,3
短板,3
磁力,3
磨合,3
禁止,3
福建厦门,3
离场,3
秘密,3
竞圈乐,3
竟然,3
端午,3
笑笑,3
笔试,3
第一个,3
第三盘,3
策略,3
签表,3
类似,3
精神病院,3
繁星,3
纤维细胞,3
级别,3
练上,3
组织,3
经过,3
结晶,3
维持,3
网站,3
羡慕,3
老瓦谈,3
考虑,3
考试,3
耐心,3
耐高温,3
职业规划,3
联合,3
背负,3
胖头,3
芙蓉,3
草莓,3
莎昱,3
获取,3
落花,3
葡萄牙,3
蒯曼,3
薪水,3
薪资,3
螃蟹,3
表述,3
要说,3
见到,3
见证,3
见面,3
角度,3
解析,3
认可,3
训练场,3
记录,3
许多,3
设计,3
证实,3
评估,3
询问,3
说书人,3
说话,3
课堂,3
负于,3
财经,3
贴息,3
费用,3
资讯,3
越牛,3
趣味,3
跳转,3
身穿,3
转述,3
轮休,3
轻松,3
达成协议,3
过度,3
还要,3
进一步,3
进程,3
连输,3
退场,3
送给,3
部门,3
配备,3
重大,3
钦乒超,3
门口,3
闫安,3
问到,3
闹钟,3
阑珊,3
队里,3
陈幸,3
随时,3
难过,3
面向,3
顺序,3
预警,3
领域,3
领馆,3
颗粒,3
饭圈化,3
首盘,3
香港,3
马上,3
马继华,3
高新,3
魏桥队,3
鲁伊兹,3
麦子,3
黑色,3
1000D,2
100nm,2
25nm,2
3CL,2
50nm,2
5CL,2
7CL,2
A1,2
A6n6Oooi,2
CCTV5,2
Lyihao0207,2
PART1,2
S5,2
arena,2
badk,2
belike,2
bjrb,2
borntobefantastic,2
ckentt,2
darkojorgic,2
darkojorgicinthepost,2
deckarm,2
dortmund,2
ernst,2
fanzhendong,2
fcsaarbr,2
fzd,2
halle,2
inne,2
ins,2
ittf,2
joachim,2
kicker,2
klorane,2
labubu,2
lfd,2
liberte,2
lklorane,2
lmoonlight,2
matchinterviewaboutfan,2
maurice,2
mytischtennis,2
rabbit,2
rio,2
saarbr,2
schweinfurt,2
str,2
svip,2
tenlicht,2
thomaswieck,2
tibhar,2
ttcbergneustadt,2
ttcschwalbebergneustadt,2
tyx,2
via,2
vielendank,2
vip,2
vlog,2
vsbvb,2
wangzhi,2
weber,2
wik,2
xhs,2
zhen,2
一一,2
一共,2
一半,2
一夜,2
一届,2
一座,2
一批,2
一条线,2
一次性,2
一段,2
一派,2
一球,2
一程,2
一篇,2
一览,2
一项,2
丁亚萍,2
万一,2
万人,2
万径,2
万枝,2
万次,2
万欧,2
三板,2
上善若水,2
上学,2
上届,2
上来,2
上调,2
下个星期,2
下去,2
下场,2
下班,2
下降,2
不低,2
不佳,2
不可,2
不够,2
不容,2
不来梅,2
不爱,2
不确定性,2
不行,2
专业性,2
专栏,2
专门,2
专题,2
世乒一,2
世界级,2
东北,2
东欧,2
两周,2
两大,2
两家,2
两队,2
严谨,2
个人消费,2
个性化,2
中东,2
中以,2
中华,2
中国区,2
中国女排,2
中有,2
中稳,2
中远,2
中连输,2
中间,2
丰富,2
临江,2
为准,2
为啥,2
为国,2
为林,2
主客场,2
主战,2
主持人,2
主队,2
义务,2
之内,2
之奶球,2
之战,2
乌克兰,2
乌拉圭,2
乙醇,2
买倩碧套,2
买票,2
争夺,2
二次,2
二线,2
于是,2
云南,2
互联网,2
五号,2
五月,2
亚军,2
交给,2
交通,2
交锋,2
京东,2
亮明,2
亲密合作,2
人才,2
人来,2
人民币,2
仁川,2
仍然,2
从未,2
他会,2
他来,2
付费,2
代他,2
以前,2
以色列,2
仪式,2
价格,2
众览,2
优先,2
优化,2
伟大,2
传递,2
伤疤,2
伯尔尼,2
伸手,2
似的,2
但会,2
位于,2
位列,2
体育精神,2
体育课,2
体育赛事,2
体育运动,2
何卓佳,2
佛说,2
作品,2
作者,2
依托,2
依然,2
信号,2
修复,2
借口,2
借此,2
假如,2
做法,2
停留,2
偷笑,2
储存,2
充分,2
先打,2
光明正大,2
免签,2
全名,2
全球,2
全貌,2
全身,2
全锦赛,2
全队,2
八分,2
八字,2
公务员,2
公告,2
兰亭,2
关关,2
关税,2
兴趣,2
具体情况,2
兼具,2
内外,2
农历,2
准确,2
几场,2
几岁,2
几张,2
凤凰,2
出入,2
出师不利,2
出狱,2
出色,2
出镜,2
分子量,2
分工,2
分开,2
分组,2
切入,2
切片,2
刘宇宁,2
创业,2
初七,2
初衷,2
判断,2
判罚,2
别的,2
到时候,2
制夷,2
制定,2
刺激,2
刺猬,2
前行,2
前面,2
力挺,2
加个,2
加强,2
动机,2
助威,2
助队,2
北京市,2
十分钟,2
千玺,2
千纸鹤,2
半岛,2
半年报,2
半见,2
华新,2
协作,2
协助,2
协商,2
协调,2
单独,2
单笔,2
单纯,2
占用,2
卡尔松,2
卡桑,2
卡诺,2
即可,2
卷上,2
原图,2
原声,2
去留,2
参考,2
参赛权,2
友人,2
反响,2
反手,2
反而,2
发博,2
发给,2
发自内心,2
发言人,2
取消,2
受限于,2
变化多端,2
变得,2
只不过,2
可惜,2
可爱,2
可能性,2
叶落,2
号倩,2
各位,2
合理,2
合规,2
同一,2
名额,2
后边,2
吐露,2
否认,2
含义,2
听到,2
听懂,2
听见,2
启航,2
吸取经验,2
吸引,2
吸引力,2
呈现出,2
周凯,2
和度,2
咪咕,2
品质,2
哑巴,2
唯爱,2
商业模式,2
商城,2
商战,2
啥时候,2
器材,2
四分钟,2
四场,2
四强,2
回家,2
回首,2
团体比赛,2
围绕,2
固定,2
国乒名帅,2
国乒在,2
国标,2
国羽,2
圆之夜,2
圣曼,2
在于,2
在央,2
坍塌,2
坐在,2
坚信,2
坦言,2
埃及,2
基因,2
堂堂正正,2
备受瞩目,2
外面,2
多位,2
多头,2
大众,2
大佬,2
大宝,2
大屏,2
大惊小怪,2
大旗,2
大热,2
大相径庭,2
大童,2
大虾,2
天下事,2
天天,2
太热,2
太短,2
夸克,2
奋斗,2
套路,2
奥恰,2
奥萨苏纳,2
奥运金牌,2
女童,2
奶茶,2
好不好,2
好久,2
好几个,2
好手,2
好球,2
好运,2
姆巴,2
姐姐,2
姜饼,2
娱乐,2
婉拒,2
孔令辉,2
存图,2
存存,2
学校,2
学费,2
宅智,2
安安,2
安安稳稳,2
完善,2
完美,2
官宣倩,2
官微,2
定性,2
实在,2
实现目标,2
实际上,2
审慎,2
审美,2
客队,2
宣传片,2
宣和,2
容纳,2
宿舍,2
寂寞,2
对比,2
对球,2
对霉霉,2
寻找,2
寻求,2
封面,2
将来,2
小伙子,2
小兔,2
小分队,2
小包,2
小张,2
小星星,2
小朋友,2
小觑,2
就行了,2
就让,2
尹锡悦,2
尼古拉斯,2
尽力,2
局势,2
局面,2
层面,2
届时,2
展现出,2
山东鲁能,2
山东鲁能队,2
工作人员,2
工资,2
差别,2
已出,2
已约,2
巴列,2
帅哥,2
师夷长,2
带火,2
帷幕,2
常胜将军,2
常规,2
常青树,2
干什么,2
平常心,2
平板,2
平淡,2
平静,2
年轮,2
年龄,2
并未,2
幽灵,2
广告,2
庆祝,2
座椅,2
廖振,2
建议,2
开头,2
开挖,2
开朗,2
开课,2
开通,2
引援,2
张怡宁,2
张碧晨,2
弧圈,2
弹性,2
强制,2
强攻,2
归期,2
归来,2
当天,2
当年,2
录像,2
形态,2
往往,2
微信,2
微语,2
德乙,2
德国人,2
德斯,2
心中,2
心声,2
心理,2
心脏,2
心路历程,2
必将,2
必然,2
忆秦娥,2
志在,2
志愿者,2
忘记,2
快要,2
快速,2
怎么办,2
总冠军,2
总是,2
总结经验,2
恋情,2
恭喜,2
恰恰,2
情感,2
想来,2
想象力,2
意思,2
意见,2
感情,2
慕尼黑,2
成立,2
成行,2
我学,2
我能,2
战备,2
战斗,2
战时,2
截然不同,2
手腕,2
扎成,2
打个,2
打死,2
打输,2
打过,2
扩充,2
扩扩,2
扩招,2
找寻,2
技以,2
技战术,2
技能,2
投资者,2
投身,2
抢购,2
报导,2
报纸,2
抵制,2
抽奖,2
拉森,2
拉链,2
拿下,2
指南,2
挑战性,2
挑起,2
换算,2
换衣服,2
掌控,2
掌门人,2
排队,2
探头,2
接着,2
接驳,2
控制,2
推广,2
揭幕,2
搭子,2
摄影,2
摄影师,2
摧毁,2
摸摸,2
收入,2
收到,2
改为,2
改革,2
放下,2
放小,2
政策,2
故苑,2
效果,2
敌罗曼,2
敏感,2
教程,2
整体,2
整整,2
文娱,2
文字版,2
文殊,2
文笙,2
斜角,2
斯佐迪,2
新民,2
新篇章,2
新闻报道,2
新鲜,2
方法,2
施行,2
旅程,2
旅行,2
无心,2
无止境,2
无疑,2
无缝,2
无限,2
日出,2
日历,2
日后,2
日子,2
日官,2
日常,2
日程,2
日见,2
日迎,2
日首秀,2
早参,2
早就,2
时段,2
时间段,2
旷野,2
旺旺,2
明称,2
星子,2
星座,2
星星,2
星期,2
星期一,2
星说,2
是从,2
昵称,2
显得,2
显然,2
显示,2
显著,2
晨报,2
普通,2
智慧,2
暗示,2
更为,2
曼城,2
替补,2
最低工资,2
最多,2
最新消息,2
最近,2
有事,2
有利于,2
有助,2
有时,2
有望,2
有点像,2
有点儿,2
服务,2
朗斯,2
期望,2
未定,2
未知,2
本分,2
本条,2
朴素,2
杂志,2
李在,2
材料,2
杨毅谈,2
杭州,2
松岛,2
板凳,2
极端,2
构建,2
林德,2
林高,2
果子,2
果断,2
查漏,2
柳枝,2
标准,2
标签,2
校服,2
核心内容,2
根本无法,2
桃面,2
桌子,2
梅西去,2
棒球,2
概率,2
概览,2
樊吧,2
横幅,2
欧盟,2
欧美,2
歌曲,2
止步,2
正观,2
此外,2
武器,2
武断,2
段子,2
每周,2
比赛结果,2
气泡,2
永不,2
求问,2
江南,2
池畔,2
汤圆,2
汪苏,2
汽车,2
沉默,2
没事儿,2
没什么,2
没成,2
没法,2
没错,2
法国,2
注意事项,2
注重,2
洛夫,2
洛阳,2
流程,2
浴室,2
海绵,2
海胆,2
消费者,2
淡然,2
深情,2
混淆,2
游客,2
源于,2
满函关,2
滴滴,2
澄清,2
激发,2
激活,2
火爆,2
灿若,2
点来,2
点赞,2
点赞量,2
热巴,2
热烈,2
热聊,2
焦志敏,2
燕子,2
爆炸,2
爆雷,2
牌子,2
牢牢,2
特意,2
狂沙,2
独居,2
独自,2
猫咪,2
率先,2
玉米,2
王丽琴,2
王皓谈,2
玩梗潮,2
玩法,2
玩球,2
现场直播,2
现实,2
球场,2
球技,2
球星,2
瑞典,2
生产能力,2
生命周期,2
生效,2
由来已久,2
甲级,2
申请,2
电视,2
男乒,2
男女,2
男子,2
男孩,2
画卷,2
画情,2
畅玩体,2
留下,2
留子,2
略显,2
疏影,2
白人,2
百树,2
的确,2
皇马,2
盈景绽,2
盈目,2
盘樊振东,2
盛典,2
直击,2
直到,2
相反,2
相机,2
相比,2
相遇,2
省队,2
看待,2
看得出来,2
看报,2
看来,2
看热闹,2
真有,2
真相,2
眼下,2
着急,2
睡觉,2
短时间,2
短期,2
石宇奇,2
破局,2
破解,2
票房,2
福利,2
福斯,2
福艾,2
私下,2
私人,2
秋色,2
秘书长,2
秘鲁,2
积极,2
稳定性,2
究竟,2
空降,2
竞争,2
竞赛,2
笑声,2
笨笨,2
第一名,2
第一局,2
第三名,2
第三局,2
第二名,2
第二次,2
第二站,2
第五盘,2
第四名,2
第四场,2
第四局,2
签下,2
签到,2
管控,2
管理,2
篱前,2
米兰,2
粉颦,2
精要,2
素写,2
紧凑,2
紧急,2
紫气,2
红妆,2
红姐,2
红米,2
约尔,2
纪念,2
组合拳,2
组成,2
细胞,2
终结,2
结合,2
结论,2
绕园,2
绘制,2
统治力,2
绿色,2
编辑,2
缥缈,2
罗去,2
罢了,2
美团,2
美美,2
羽毛球,2
翠枝,2
翩跹,2
老公,2
老将,2
老牌,2
考古,2
考生,2
考编,2
聊球,2
职务,2
胖宝,2
自揭,2
自由,2
自证,2
至尊,2
至少,2
舞裳,2
良好,2
艺术,2
苏超,2
苏轼,2
若水居,2
英国,2
英语课,2
英首相,2
范围,2
荒芜,2
莱维,2
获胜,2
菜单,2
落地,2
落点,2
落英,2
蒲罗袖,2
薪酬,2
蛛网,2
螺旋,2
行为,2
行动,2
行程,2
补缺,2
补贴,2
表彰大会,2
表明,2
袋子,2
装备,2
裤子,2
西装,2
要点,2
观赏性,2
规划,2
解释一下,2
言中,2
订阅,2
认真,2
认识,2
记住,2
讲述,2
评樊振,2
评论员,2
词条,2
译文,2
试试,2
语于,2
误导,2
说出,2
说实话,2
请加,2
谈到,2
谈话,2
谈饭,2
谋求,2
谢场,2
谨慎,2
豁免,2
财富,2
财政,2
账号,2
购买,2
贷款,2
赖因,2
赛期,2
赢得,2
赵子,2
起舞,2
越来越,2
越来越少,2
趋势,2
足球界,2
足球联赛,2
踏子,2
踢球者,2
蹲守,2
身份证,2
身高,2
車的,2
轨迹,2
转向,2
转存,2
转战,2
转移,2
轮次,2
轰炸机,2
辉空,2
输得,2
输过,2
辞去,2
辟谣,2
边境,2
达成,2
过于,2
过渡期,2
迈斯纳,2
迈进,2
运气,2
近况,2
近年来,2
近日,2
这两点,2
这块,2
这样一来,2
这段,2
这点,2
这篇,2
进去,2
进场,2
远去,2
远远,2
连冠,2
连续,2
连败,2
逆转,2
透明,2
逐浪,2
通报,2
速递,2
造成,2
道理,2
邓亚萍,2
那边,2
邮件,2
邱党用,2
郁频,2
郑州,2
郑钦文,2
配图,2
酣畅淋漓,2
醒来,2
采取,2
释怀,2
释永信,2
里面,2
重叠,2
重庆,2
金刀王,2
金子,2
金秋,2
针对,2
针灸,2
铿锵,2
销售,2
销量,2
锂电池,2
锐评,2
错开,2
锦标赛,2
长不大,2
长大,2
闭眼,2
闯入,2
闲聊,2
阅兵,2
阆苑,2
队则,2
阵营,2
阿根廷,2
陀罗尼,2
陈雨菲,2
陈静,2
降低,2
限制,2
险胜,2
陪伴,2
陪聊,2
随后,2
随心所欲,2
随性,2
随意,2
随着,2
隐约,2
难敌,2
雄厚,2
集体,2
集体化,2
集训,2
雨淋,2
震撼,2
青叶,2
静候,2
面孔,2
面瘫,2
顶楼,2
颁布,2
预判,2
预料之中,2
预防,2
领先,2
领跑,2
颇为,2
飘香,2
飞来,2
食品,2
馆子,2
首秀后,2
首秀定,2
首要任务,2
香山,2
馥郁,2
驳斥,2
驻华,2
骑手,2
高中生,2
高亲,2
高位,2
高密度,2
高手,2
高端,2
鸢融,2
鼓励,2
鼓掌,2
龙腾,2
01H,1
13ctta,1
151O,1
1982181049O,1
20250728S7,1
20250831Saarbr,1
20250906LFeelingling,1
20250907sportarena,1
20250914DYN,1
20250914Saarbr,1
28CCTV5,1
31Sun,1
97631BadK,1
99O,1
A1vsB2,1
A2vsB1,1
A3vsB3,1
B1,1
G0,1
Iiuuu6,1
JDG1,1
K80,1
L1,1
L360,1
L777tabletennis,1
L88,1
O2024,1
October5,1
PART2,1
POKAL1,1
S1,1
S2,1
S3,1
S4,1
S6,1
S7,1
T1,1
Terminal1Ankuft,1
VOGUE20,1
aby,1
adamszudi,1
adrienrassenfosse,1
albertomino,1
allforfzd,1
altschlossfelsen,1
anderslind,1
anduwillberemembered,1
anny,1
arenadr,1
baby,1
bad,1
baj,1
beginagain,1
benediktduda,1
ber,1
bodqna,1
borussiadortmund,1
boss,1
bro,1
bvb,1
carrie,1
cctv5,1
cedricnuytinck,1
cee,1
chineseleague,1
ckenbeforetoday,1
ckerzeitung,1
cruelsummer,1
daddy,1
daddycrmico,1
daf,1
deepseek,1
dennis,1
dong,1
dotdotnews,1
dou,1
dpa,1
dream,1
dynl,1
dyntischtennis,1
dyntischtennisl,1
dyntisctennis,1
easternwinds,1
ebs,1
ejbn,1
erikbottroff,1
fanzhendong9248,1
fanzhendongandteamsaarbr,1
fanzhendonglikelytoplayinsaarbr,1
fcs,1
filipzeljko,1
fming,1
frederikduda,1
fyi,1
fzdvs,1
gbatips,1
gbbbmvb,1
gettingready,1
gettyimages,1
gogogo,1
going,1
grenzau,1
greta,1
gutenmorgen,1
h99,1
haraldtittel,1
heinemann,1
hot,1
hylo,1
iamgettingtiredandineedsomewheretobegin,1
iga,1
ing,1
ipad,1
jasminnnnel,1
jeb,1
jenny,1
jpg,1
kartengibteskeinemehr,1
koenigshofen,1
kpl,1
kristiankarlsson,1
ladongdong,1
lastdance,1
lbeautyfeelingss,1
lchillaxleo,1
leodenodrest,1
let,1
level,1
lfan,1
lfunny,1
lgfdsdjkyfc,1
lhello,1
llaien,1
lmia,1
lmy,1
lntmydd,1
logo,1
logocap,1
logot,1
lping,1
lpl,1
lps,1
lsj,1
lskt,1
lssqxjeanne,1
lthatcher,1
ltt,1
luuuu,1
lzlfan,1
maberzell,1
magic,1
majorleaguebaseballvs,1
majorleaguetabletennis,1
mia,1
mmmm,1
nba,1
nbpl,1
nchen,1
neverstopchasingmywildestdreams,1
newchallenges,1
newsurroundings,1
nextlevel,1
nigshofentischtennis,1
nonono,1
nubia,1
objectwboxeventclick,1
okk,1
okok,1
onemoreonemore,1
ooo,1
originalpilot,1
over,1
p2,1
p5,1
patrickfranziska,1
petrojet,1
post,1
ppn,1
ppt,1
really,1
rimowaoriginal,1
rkannsichdasspiellivebei,1
romainruiz,1
rua,1
s4,1
s5,1
s7,1
saarbrueckerzeitung,1
sawaymatchinbremen,1
sayhi,1
seeyousoon,1
shakehand,1
sharewithyou,1
smanagementhasreceivedclearindicationsduringpreparatorytalksthatthechinesesuperstarisexpectedtoplayinthematchagainstbremen,1
smatch,1
someoneneedstoknow,1
songery,1
sport,1
sprudelfulda,1
sttblmatchoffanzhendongandsaarbr,1
sunshine,1
tag,1
talk,1
the,1
thematch,1
therightfanzhendongwillcomeback,1
tinyflash,1
todolist,1
tomaszkasica,1
top,1
tsv,1
tsvbadkoenigshofen,1
ttcoebadhomburg,1
tyf,1
u23,1
ula,1
upsfortoday,1
vae,1
veronica,1
vsB1,1
vstsvbadk,1
vsttcrh,1
weareateam,1
welcometosaarbr,1
werder,1
wuliegi,1
xiix,1
yohkoh,1
zhendong,1
一下站,1
一丝,1
一两个,1
一个多月,1
一举一动,1
一众,1
一刻,1
一双,1
一发,1
一句,1
一周年,1
一大早,1
一家,1
一局,1
一帘,1
一幕,1
一座座,1
一心,1
一拦,1
一无所知,1
一时,1
一杯,1
一板,1
一模一样,1
一池,1
一泓溪,1
一波,1
一流,1
一滴,1
一点一点,1
一点点,1
一番话,1
一百分,1
一目了然,1
一看,1
一级,1
一脸,1
一致,1
一般,1
一苇,1
一趟,1
一轮,1
一辈子,1
一道,1
一键,1
一阵,1
一顶,1
一首,1
丁宁,1
七零八碎,1
万事开头难,1
万人德法,1
万亿元,1
万余名,1
万帘,1
万美元,1
万远,1
万里,1
三人,1
三体,1
三分钟,1
三剑客,1
三十一,1
三十五,1
三十余次,1
三周,1
三四千,1
三四天,1
三天,1
三次,1
三款,1
三胜制,1
三轮,1
三连胜,1
三遍,1
三重,1
上交,1
上任,1
上刷,1
上前,1
上去,1
上周,1
上周日,1
上大分,1
上小红书,1
上架,1
上车,1
下单,1
下安,1
下家丝,1
下属,1
下才,1
下方,1
下期,1
下楼梯,1
下沉,1
下跌,1
下轮,1
不久,1
不仅,1
不仅仅,1
不依不饶,1
不关,1
不再,1
不压,1
不去,1
不及,1
不堪,1
不太好,1
不太敢,1
不太熟悉,1
不妨,1
不宜,1
不小,1
不差,1
不干静,1
不必,1
不必要,1
不成,1
不收,1
不收会,1
不改,1
不敢,1
不散,1
不斗,1
不断进步,1
不易,1
不樊,1
不用说,1
不留,1
不相上下,1
不算,1
不良情绪,1
不萍,1
不見,1
不让,1
不谋而合,1
不败,1
不造,1
不长,1
不顺,1
不高,1
与你同在,1
与否,1
与此同时,1
专属,1
世照,1
世界大赛,1
业内人士,1
东京,1
东侧,1
东哥胜,1
东子,1
东德,1
东林,1
东皇太,1
东神,1
东风,1
丝都,1
丢人,1
丢冠,1
两三千,1
两三场,1
两件,1
两分钟,1
两口,1
两只,1
两名,1
两国,1
两幕,1
两序,1
两座,1
两张,1
两枚,1
两次,1
两派,1
两笔,1
两起,1
两颗,1
严厉,1
严密,1
严格要求,1
严重,1
个个,1
个人成长,1
个人观点,1
个野,1
中午,1
中国佛学院,1
中国佛教协会,1
中国台北,1
中央,1
中奖,1
中山,1
中德好,1
中才,1
中毒,1
中秋,1
中译版,1
中试,1
丰富化,1
丹麦,1
为期,1
为重,1
主力球员,1
主力阵容,1
主办,1
主办方,1
主动权,1
主客,1
主客场制,1
主宰,1
主导,1
主将,1
主持,1
主播们,1
主流,1
主营业务,1
主观,1
主角,1
举动,1
举杯,1
乃甜,1
久违,1
之下,1
之人,1
之声,1
之外,1
之夜,1
之类,1
之约,1
之行,1
乌拜,1
乌萨奇,1
乌鲁木齐市,1
乏力,1
乒丝别,1
乒名帅,1
乒圈,1
乒新,1
乒樊振东,1
乒球,1
乒甲,1
乒联,1
乒萌,1
乖乖,1
乙级,1
九三,1
九上,1
乡愁,1
书均,1
书恬,1
书看,1
买到,1
买菜,1
乱加,1
乱战,1
乾帝,1
争冠,1
争抢,1
争论,1
争霸赛,1
事上,1
事业,1
事业单位,1
事儿,1
事宜,1
事实,1
事实如此,1
事实性,1
事已至此,1
事是,1
二十八,1
二十多场,1
二当家,1
二手房,1
二级,1
于子洋,1
云养记,1
云落,1
互助,1
互相学习,1
互补,1
五分,1
五千,1
五年,1
五折,1
五日,1
五档,1
五湖店,1
五虎,1
井蛙,1
亚当,1
亚洲,1
亚洲杯,1
交织,1
交通不便,1
产出,1
产品种类,1
享有,1
京都,1
亮堂,1
亮点,1
亲手,1
人发,1
人口,1
人口统计,1
人员名单,1
人头,1
人头攒动,1
人好,1
人带,1
人待,1
人扁,1
人源,1
人物,1
人生地不熟,1
人能,1
人长,1
亿万,1
亿人次,1
亿份,1
亿易,1
亿樊振东,1
亿汪苏,1
亿点,1
亿迪丽,1
什么样,1
仅仅,1
仅以,1
仅作,1
今天下午,1
今早,1
今晨,1
仍具,1
仍待,1
从乒超,1
从头,1
从头再来,1
从头说起,1
从小到大,1
从来,1
从梅,1
仔小乔,1
仔细,1
仔细观察,1
他人,1
他俩,1
他心,1
他本,1
他称,1
他输,1
付出,1
仙女,1
代人,1
代价,1
代发,1
代替,1
代练,1
代表队,1
代购,1
令人,1
以为,1
以便,1
以免,1
以军,1
以旧换新,1
以暴制暴,1
以来,1
以航,1
以色列国防军,1
以赛,1
以身,1
价格战,1
任命,1
任职,1
企业,1
休整,1
众多,1
众所周知,1
优点,1
优雅,1
会为,1
会为国,1
会切,1
会动,1
会带,1
会长,1
传承,1
传染病,1
传言,1
伤病,1
伯伯,1
伴东,1
伴侣,1
伴岩,1
伸缩,1
似家,1
但乒超,1
但施,1
但易,1
位子,1
低吸,1
低密度,1
低开,1
低调,1
住址,1
住处,1
住所,1
佐佐木,1
体域,1
体界,1
体育明星,1
体育训练,1
体育项目,1
体育频道,1
体面,1
何原因,1
何尝,1
何日,1
余天,1
佛教文化,1
佛教界,1
作息,1
作罢,1
你家,1
你来我往,1
佩先,1
佩戴,1
佳音,1
使然,1
供稿,1
依偎,1
依稀,1
依赖,1
侧切,1
侵删,1
侵犯,1
侵肠,1
侵蚀,1
促进,1
俄侦,1
俄国防部,1
俄多州,1
俄罗斯,1
保住,1
保健品,1
保守,1
保留,1
保证,1
保镖,1
信任,1
信号源,1
信心,1
信源,1
信誓旦旦,1
修改,1
修车,1
俺们,1
倒地,1
倒时差,1
借助,1
借图,1
倩碧套,1
倩碧新,1
倩碧来,1
倩碧见,1
倪夏莲祝,1
倪萍,1
倾向,1
倾向性,1
倾城,1
倾心,1
假水,1
偏远,1
偏门,1
做个,1
做人,1
做伴,1
做梦,1
做空,1
做饭,1
停下,1
停办,1
健身,1
偶像,1
偶遇,1
偷着乐,1
儿雾,1
儿霜,1
儿风,1
充个,1
充了,1
先去,1
先存,1
先生,1
先看,1
先赢,1
光好,1
光芒,1
光辉,1
克里斯蒂安,1
免试,1
入住,1
入住率,1
入口,1
入境,1
入学,1
入局,1
入群,1
全世界,1
全国劳模,1
全年,1
全文,1
全码,1
全神贯注,1
全篇,1
全红婵会,1
全英文,1
全身心,1
全输,1
全运,1
全额,1
八支,1
八月份,1
八进,1
八點,1
公务,1
公司,1
公园,1
公平,1
公斤,1
公正,1
公考,1
公里,1
六个,1
六十,1
六地,1
六成,1
兰流韵,1
兰舟,1
兰花,1
共享,1
共同努力,1
共建,1
共用,1
共祝,1
共识,1
关键因素,1
关键球,1
关键问题,1
关门,1
关闭,1
兴奋,1
兴奋不已,1
其一,1
其他人,1
其余,1
其受,1
具体安排,1
具备,1
具满,1
具足戒,1
养分,1
养狼,1
养猪,1
养猫,1
内侧,1
内场,1
内战,1
冈山,1
再增,1
再战,1
再接再厉,1
再有,1
再现,1
再留,1
再说,1
农场,1
冤枉,1
冬一袭,1
冬径,1
冰梅,1
冰者,1
冰肌,1
冰雹,1
冲击力,1
冲动,1
冲浪,1
冲金,1
决战,1
决策权,1
冷嘲热讽,1
冷心,1
冷酷,1
冷门,1
冻肉,1
凉晖,1
凉爽,1
凌晨,1
减负,1
凑热闹,1
凛冽,1
凝媚,1
几位,1
几口,1
几周,1
几套,1
几层,1
几条,1
几站,1
凡事,1
凤凰网,1
凭借,1
凭票,1
出个,1
出乎意料,1
出口,1
出台,1
出境游,1
出处,1
出家,1
出手,1
出樊入,1
出没,1
出点,1
出自,1
击球手,1
击败,1
分优酷,1
分制,1
分单,1
分成,1
切勿,1
切换,1
切点,1
刑事,1
刘海,1
刚刚开始,1
刚到,1
刚才,1
创业者,1
初中,1
初心,1
初来乍到,1
初段,1
初登,1
利弊,1
别国,1
别家,1
别点,1
别绪,1
别错过,1
到位,1
到国,1
到场,1
到央,1
到来,1
到达,1
制作,1
制表,1
制裁,1
制造,1
刷到,1
刷题,1
刺刺,1
刺眼,1
刻意,1
刻画,1
剃度,1
前一天,1
前微博,1
前景,1
前瞻,1
前路,1
前雁,1
剖析,1
副会长,1
副作用,1
力度,1
力量,1
办公室,1
办振东,1
功力,1
功成名就,1
功能,1
加上,1
加印,1
加大,1
加沙,1
加火,1
务实,1
动作,1
助其,1
助剂,1
助阵,1
努力争取,1
努比亚,1
勇闯,1
勿扰,1
勿言,1
包上,1
包厢,1
包场,1
包涵,1
包袋,1
匆匆,1
化妆品,1
化身,1
匪夷所思,1
医疗器械,1
十个,1
十八岁,1
十几天,1
十周年,1
十天,1
十年,1
十足,1
十足把握,1
千乡,1
千娇百媚,1
千粉,1
千道,1
千里,1
千锤百炼,1
升旗,1
半小时,1
半年,1
半数,1
半数左右,1
半桃,1
半程,1
半醉,1
半醒,1
华东理工,1
华东理工大学,1
协会,1
协作关系,1
协议,1
卓越,1
单元,1
单向,1
单品,1
单盘,1
单选题,1
南京市,1
南方日报,1
南极,1
博中,1
博主,1
博主于,1
博主去,1
博卡,1
博好,1
占个,1
占有,1
卡同框,1
卡对,1
卡洛斯,1
卡点,1
卡纳克,1
卡说,1
卫冕,1
印尼,1
危机,1
即使,1
即时,1
却是,1
却眷,1
历届,1
历程,1
历练,1
历险记,1
压制,1
压缩,1
原以为,1
原则,1
原创,1
原博,1
原合,1
原委,1
原帖,1
原超话,1
厦门市,1
去年同期,1
参照物,1
参赛者,1
及其,1
及时,1
及第,1
及饭,1
双向选择,1
双循环,1
双手,1
双重,1
反向,1
反噬,1
反复,1
反复强调,1
反差,1
反应,1
反弹,1
反思,1
反抗,1
反映,1
反馈,1
发人深省,1
发光,1
发去,1
发发,1
发呆,1
发型,1
发帖,1
发微博,1
发明,1
发来,1
发热,1
发表,1
发起,1
发酵罐,1
发长球,1
发音,1
取得胜利,1
取经,1
受众,1
受伤,1
受灾,1
受益,1
变成,1
叠加,1
口语,1
古腾,1
另悉,1
只为,1
只想,1
召开,1
可不可以,1
可享,1
可信,1
可兑换,1
可实续化,1
可控,1
可期,1
可算到,1
可见,1
可言,1
台企,1
台阶,1
右上方,1
右手,1
叶府,1
叶青株,1
号倩碧官,1
号外,1
号康,1
号玉泽,1
司机,1
叹息,1
叽里呱啦,1
吃不上,1
吃力,1
吃喝,1
吃水果,1
吃瓜,1
各不相同,1
各个,1
各地,1
各异,1
各有,1
合作意向,1
合剪,1
合集,1
吉奇,1
同台,1
同学,1
同學,1
同意,1
同欣,1
同理,1
同行,1
名中,1
名义,1
名利双收,1
名古屋,1
名非,1
后久,1
后事,1
后任,1
后台,1
后处理,1
后来,1
后背,1
后脑勺,1
后见,1
向前,1
向往,1
向阳,1
吕林,1
吟愁,1
吧唧,1
含奶,1
含金量,1
听不懂,1
听东哥,1
听过,1
启示,1
启程,1
吸纳,1
呈株,1
呈现,1
呈眉,1
呐喊,1
周三,1
周期,1
周知,1
呼呼,1
呼唤,1
呼喊,1
呼噜,1
和平共处,1
咒经,1
咖位,1
咖啡,1
咚主,1
咚国,1
咚莎菠,1
哈佛,1
哈马斯,1
哎哟,1
哔机,1
哥们,1
哪儿,1
哪场,1
哪家,1
哪支,1
唇情,1
唉呀,1
售价,1
售卖,1
售后,1
售票,1
唯爱小白球,1
商品,1
商场,1
商家,1
商店,1
商量,1
啊啊啊,1
啥事,1
善意,1
喜卧,1
喜堤,1
喝彩,1
喷子,1
嗷嗷叫,1
嘟嘴,1
嘲讽,1
噘嘴,1
四分之一,1
四名,1
四字,1
四季,1
四强赛,1
四点,1
四连冠,1
回不去,1
回事,1
回勇,1
回升,1
回去,1
回头,1
回宫,1
回接,1
回撤,1
因病,1
因素,1
团体,1
困局,1
围墙,1
国乒三大,1
国乒樊振东,1
国人,1
国兵,1
国务院,1
国家乒乓球队,1
国家标准,1
国庆,1
国贸,1
国防部,1
国际化,1
国际惯例,1
图像,1
图四是,1
图存,1
图层,1
图库,1
图文,1
图来,1
囿于,1
圆头,1
圆滚滚,1
圆满,1
圆脑,1
圆脸,1
圈圈,1
圈外人,1
國家,1
土崩瓦解,1
在乎,1
在意,1
在手,1
地上,1
地查,1
地理位置,1
地盘,1
地表,1
场内,1
场景,1
场票,1
均价,1
均系,1
坊间,1
坐地,1
坐标,1
坐落于,1
坚定信心,1
坚强,1
坚持,1
坚韧,1
坦承,1
坦然,1
坦途,1
垫底,1
埃里克,1
城东,1
城堡,1
基孔,1
基层,1
基本功,1
堪沁意,1
塑造,1
塔克,1
塔尖,1
塞上,1
增多,1
增强,1
增长,1
墨迹,1
壁纸,1
声优,1
声明,1
处境,1
处罚,1
备受,1
复性,1
复杂性,1
夏夜,1
夏季,1
夏日,1
夏虫,1
外因,1
外套,1
外观,1
外部环境,1
夙世,1
多人,1
多元,1
多公里,1
多变,1
多名,1
多大,1
多家,1
多年,1
多接,1
多方面,1
多特,1
多管闲事,1
多酶体,1
多长,1
多队,1
多隆,1
多项,1
多高,1
大东,1
大丰收,1
大乔,1
大事,1
大做文章,1
大到暴雨,1
大加,1
大包,1
大卖,1
大厨,1
大发,1
大可不必,1
大名,1
大声,1
大多数,1
大头贴,1
大小腿,1
大幅,1
大战,1
大户,1
大招,1
大晴天,1
大本钟,1
大权,1
大桥,1
大梁,1
大棋,1
大汉,1
大润发,1
大熊猫,1
大盘,1
大神,1
大福,1
大美人,1
大背,1
大自然,1
大规模,1
大角,1
大跌,1
大跌眼镜,1
大连,1
大部分,1
大量,1
大风,1
大风车,1
天一,1
天冷凳,1
天后,1
天呐,1
天命,1
天堂,1
天塌,1
天是,1
天朗气清,1
天未,1
天河,1
天津,1
天线宝宝,1
天黑,1
太久,1
太对,1
太少,1
太恨,1
太极,1
太白,1
太红,1
夫人,1
失之交臂,1
失分,1
失常,1
失望,1
头为,1
头筐,1
头部,1
夸赞,1
契机,1
奔波,1
奖超话,1
套票,1
奥东,1
奥委会,1
女士,1
女性,1
女朋友,1
女球迷,1
女生,1
女神,1
女队,1
奶奶,1
奶青,1
好久不见,1
好了吗,1
好事儿,1
好些,1
好价,1
好几圈,1
好吃,1
好多,1
好心人,1
好消息,1
好玩,1
好看,1
好羡慕,1
好觉,1
好转,1
好难,1
如中超,1
如乒超,1
如似,1
如初,1
如对,1
如愿以偿,1
如来,1
如果说,1
如梦方醒,1
如樊振东,1
如饭,1
妈呀,1
妖纪,1
妙意,1
妙意频,1
姆们,1
姑且,1
委会,1
委屈,1
委派,1
姚记,1
姿势,1
姿态,1
威振,1
威文,1
威胁,1
娃儿,1
娇小,1
娘同款,1
娱姬,1
娱本,1
婴幼儿,1
媚影,1
媚残,1
媚环,1
媚轩,1
媚阁巷,1
嫌隙,1
嫣红,1
字字珠玑,1
字幕,1
字样,1
存好,1
存存存,1
存档,1
孙艺祯,1
孙铭阳,1
孙颖莎林,1
季票,1
孤洲,1
孤独,1
孤身一人,1
学会,1
学樊振东,1
学院,1
宁艺卓,1
宇宙,1
安东,1
安全性,1
安好,1
安德斯,1
安徽,1
安装,1
安静,1
完乒超,1
完前,1
完好,1
完整版,1
完赛,1
宏大,1
官宣本,1
定上,1
定义,1
定于,1
定制,1
定居,1
定论,1
宝子,1
宝贵,1
宝贵机会,1
实事求是,1
实况,1
实则,1
实属,1
实录,1
实战,1
实施方案,1
实权,1
实话,1
实践,1
审判,1
审批,1
客观事实,1
客观因素,1
宣吧,1
宣多,1
宣新,1
家居,1
家用,1
家装,1
容貌,1
寂了,1
寂坡,1
寂寥,1
寂层林,1
寄语,1
富裕,1
寒露,1
对乒颜,1
对国,1
对小布,1
对应,1
对抗性,1
对抗赛,1
对攻,1
对照表,1
对立面,1
对练,1
对视,1
对象,1
对面,1
对骂,1
寺院,1
导出,1
导播,1
导火索,1
封训,1
封锁,1
封闭,1
将会,1
将要,1
尊说,1
小东西,1
小事,1
小二,1
小伊,1
小何,1
小偶,1
小哥,1
小妖,1
小姐,1
小宝,1
小宝宝,1
小将,1
小岛,1
小弗嗖,1
小弗好,1
小弗微博,1
小弟,1
小微,1
小房间,1
小时候,1
小猪,1
小球,1
小白球,1
小石头,1
小米,1
小紅書,1
小红,1
小红书见,1
小绿,1
小胡,1
小脑,1
小莫,1
小萌,1
小金,1
小食,1
小馆,1
小鹿,1
少律,1
尚坤当,1
尝试,1
尤其,1
就学,1
尴尬,1
尺子,1
尽可能,1
尽如人意,1
局点,1
局限于,1
层析,1
居然,1
屏幕,1
展示,1
属于,1
属实,1
山东省,1
山口,1
山味,1
山海,1
岗位,1
峰会,1
崇明,1
巡场,1
工会组织,1
工作日,1
左不美,1
左手,1
巨大,1
巨大贡献,1
差一点,1
差距,1
已个,1
已买,1
已有,1
已約,1
已致,1
已过,1
巴乔,1
巴巴,1
巷弄,1
市井,1
市场行情,1
市场规律,1
市民,1
布吕熊,1
布局,1
布朗,1
布洛芬,1
布穿,1
布置,1
布鲁肯,1
帐号,1
帕金森,1
带上,1
带够,1
带头,1
带有,1
带起,1
带队,1
带领,1
帮忙,1
常压,1
常温,1
常理,1
常驻,1
干脆,1
平原,1
平平,1
平评,1
平野,1
年内,1
年初,1
年票,1
年薪,1
年轻,1
年轻化,1
并会,1
并无二致,1
并称,1
幸亏,1
幸福快乐,1
幼儿园,1
幽似,1
幽壑,1
幽栏,1
幽湖,1
广告片,1
广播,1
广电,1
广而告之,1
广西,1
庄严,1
庄则栋,1
庆幸,1
庆贺,1
库存,1
库库练,1
应有,1
应验,1
底物,1
底色,1
店铺,1
度低,1
度过,1
座位,1
庭庐,1
庭楼,1
延后,1
延续,1
建功,1
开业,1
开了个,1
开到,1
开屏,1
开年,1
开拓,1
开梅蕊,1
开阔,1
开高,1
异国,1
异国他乡,1
异国恋,1
弄趣,1
弊端,1
引人关注,1
引力,1
引用,1
引起,1
引进,1
弗雷,1
弗雷德里克,1
张图,1
张樊振东,1
张瑞,1
张继科杯,1
弱点,1
弱项,1
弹幕,1
强不强,1
强制性,1
强对流,1
强度,1
强敌,1
强赛,1
强迫症,1
强队,1
强降雨,1
强项,1
归位,1
归属,1
当事人,1
当代,1
当以,1
当作,1
当初,1
当场,1
当晚,1
当樊振东,1
当选,1
录好,1
形势,1
形式,1
彩色,1
彩蛋,1
影儿,1
影踪,1
彻底,1
往事,1
往前,1
征途,1
很怪,1
很搏,1
很转,1
很近,1
很长,1
徒步,1
得分,1
徘徊,1
御翔,1
循环,1
循环制,1
循环赛,1
微光,1
微博上,1
微博互关,1
微博智,1
微博玩,1
微妙,1
微弱,1
德乒,1
德国联邦,1
德文,1
德新,1
德法,1
德甲球,1
德里克,1
德闻,1
心动,1
心向,1
心怀,1
心意,1
心所向,1
心灵,1
心理素质,1
心疼,1
心酸,1
必备,1
必带,1
必要性,1
忆文,1
志同道合,1
快则,1
快点,1
快讯,1
快速反应,1
念出,1
念念,1
念葱溪,1
念飞,1
怀疑,1
怎么回事,1
急于,1
急需,1
性价比,1
性格,1
性能,1
怪事,1
怪兽,1
怪怪的,1
怪招,1
总之,1
总和,1
总局,1
总监,1
总统,1
总能,1
总裁,1
总问,1
恍惚,1
恐怕,1
恐袭,1
恨情,1
恩师,1
恳请,1
恶劣,1
恶性循环,1
悠扶,1
悠浮,1
悠闲,1
悠随,1
悬殊,1
情报,1
情有可原,1
情绪化,1
惊叹,1
惊现,1
惊讶,1
惠均,1
惯例,1
想亲,1
想像中,1
想录,1
想必,1
想想,1
想放,1
想过,1
愁雄,1
意为,1
意味深长,1
意志,1
意料之中,1
感与,1
感乒颜,1
感恩,1
愧疚,1
愿意,1
慎之又慎,1
慢则,1
慢吐,1
慢热,1
慢镜头,1
憾负,1
戏称,1
成人化,1
成本,1
成本低,1
成熟,1
成色,1
成茵,1
成都队,1
我先,1
我放,1
我涛,1
我点,1
我用,1
我粉,1
戒断,1
或是,1
或者说,1
或致,1
战争,1
战全胜,1
战力,1
战功,1
战将,1
战役,1
战无不胜,1
战洛奥,1
战甲,1
战表,1
战队,1
戳戳,1
所迫,1
手中,1
手幅,1
手法,1
手环,1
手续,1
手续费,1
手越,1
扎实,1
扎进,1
扑鼻,1
打了个,1
打到,1
打发,1
打哭,1
打好,1
打开,1
打折,1
打架,1
打破,1
打脸,1
打越,1
扣款,1
执委,1
执掌,1
执着,1
执行,1
扩乒颜,1
扩容,1
扬长补短,1
扰乱,1
批量生产,1
找个,1
找球,1
承办,1
承担,1
技巧,1
技术学校,1
技术指标,1
技术细节,1
技术规范,1
抉择,1
抓紧,1
投入,1
投队,1
抗争,1
抗战,1
抗拒,1
抗议,1
折射出,1
折磨,1
折返,1
抛开,1
抢倩,1
抢空,1
报以,1
报考,1
报酬,1
抱住,1
抱歉,1
抽到,1
抽空,1
抿嘴,1
担忧,1
拆为,1
拆得,1
拆解,1
拉上,1
拉布,1
拉满,1
拉起,1
拍子,1
拍成,1
拍拍,1
拍摄角度,1
拍新,1
拍照,1
拍肩,1
拖个,1
拖鞋,1
拘于,1
拘谨,1
招式,1
招待会,1
招手,1
招聘,1
拼出,1
拼劲,1
拼抢,1
拾光东,1
拿来,1
拿满,1
持续时间,1
挂件,1
挂阶头,1
指引,1
指望,1
指点,1
挤进,1
挥手告别,1
挥挥手,1
挨得,1
振东诚,1
挺进,1
捉摸不定,1
捕捉,1
捡球,1
换人,1
据北青,1
掀起,1
授权,1
掌声,1
掌舵人,1
掐架,1
排列,1
排满,1
排面,1
掘金,1
探寻,1
接住,1
接发,1
接接,1
接触,1
接近,1
推出,1
推荐,1
推送,1
措手不及,1
提包,1
插不上,1
插手,1
插播,1
插画,1
握手,1
握手言和,1
握紧,1
揣测,1
搓手,1
搜刮,1
搜多,1
搜挺,1
搞定,1
携颖,1
摆低,1
摇晃,1
摊位,1
摩托,1
摩擦力,1
撩架,1
撬动,1
播报,1
擅长,1
擦网,1
擦肩而过,1
攀登,1
支撑,1
支点,1
收回,1
收图,1
收益,1
收着,1
放宽,1
放平,1
放开手脚,1
放弃,1
放心,1
政务,1
政治,1
故宫博物院,1
故情,1
故意,1
故而,1
敏感度,1
教练员,1
敢于,1
散布,1
散芳,1
散芳翩雁,1
敬请期待,1
敲响警钟,1
整合,1
整版,1
文中,1
文化交流,1
文化差异,1
文匯,1
文本,1
文汇报,1
文首,1
斑驳,1
斯加盟,1
斯哈,1
斯图加特,1
斯塔,1
新体验,1
新元素,1
新奇,1
新年,1
新房,1
新援,1
新星,1
新民晚报,1
新版,1
新疆维吾尔自治区,1
新知,1
新老,1
新老交替,1
新闻晨报,1
新闻稿,1
新闻网,1
新闻联播,1
新高,1
方丈,1
方便,1
方博说,1
方博谈,1
方案,1
方称,1
施加,1
施压,1
旁烟,1
旅已,1
旅才,1
旅本,1
旋转,1
无世排,1
无人,1
无人机,1
无休止,1
无关,1
无可厚非,1
无名之辈,1
无惧,1
无愁,1
无所谓,1
无水,1
无穷,1
无论是,1
无语,1
无需,1
既视,1
日倩,1
日先,1
日扣,1
日振东,1
日新规,1
日程安排,1
日程表,1
日首秀后,1
旧照,1
旨在,1
早上,1
早已,1
早年,1
早有,1
早期,1
早班车,1
早起,1
时常,1
时时,1
时节,1
时要,1
时间表,1
昆拉武特,1
明信片,1
明明,1
明智,1
明月,1
明润,1
明艳,1
明起,1
易于,1
星儿,1
星意,1
星期三,1
星期五,1
星期六,1
映眉湾,1
春岭,1
春晖,1
春林上,1
昨夜,1
昼蒸夜,1
显式,1
显露,1
晚点,1
普遍,1
景区,1
暂不回,1
暂列,1
暂别,1
暂无,1
暂避,1
暑期,1
暗斗,1
暴力,1
暴涨,1
暴躁,1
暴雨,1
更上一层楼,1
更何况,1
更具,1
更多人,1
更多大,1
更多延,1
更多灿若,1
更快,1
更正,1
更深,1
更高,1
曾经,1
替国,1
最具,1
最大,1
最大化,1
最远,1
最高,1
月亮,1
月光,1
月刊,1
月川,1
有关,1
有利,1
有太多,1
有数,1
有无,1
有星姐,1
有用,1
有目共睹,1
有着,1
有缘人,1
有莲丛蝶,1
有莲堤,1
有见,1
有趣,1
有钱,1
有问有答,1
朋友圈,1
服务提供者,1
服装,1
服装店,1
望远镜,1
期内,1
期限,1
木下,1
木地板,1
木子,1
未接,1
未达,1
未顾,1
本国,1
本年度,1
本文,1
本星,1
本次,1
本要,1
朱会,1
朱彦轩,1
朱菡,1
机位,1
机制,1
机器,1
机器人,1
机械,1
机票,1
机箱,1
机翻,1
权利,1
权威性,1
杆菌,1
李晓霞,1
李武军,1
李清照,1
李白,1
材质,1
村超,1
杞人忧天,1
条幅,1
条形码,1
来倩,1
来回,1
来得及,1
来源于,1
来练,1
杨柳,1
杨毅,1
杰青,1
板正,1
极致,1
林上,1
林慧卿,1
林是,1
枣庄,1
枫阶雁舞,1
枯文,1
枯绕,1
某个,1
某书,1
某人,1
某刻,1
某宝,1
柔千缕,1
柔点,1
柔肠,1
柔韵,1
柳亭,1
柳堤,1
柳岭,1
标准化,1
标杆,1
标注,1
标题,1
栏目,1
树脂,1
栖霞寺,1
样本,1
样板,1
核对,1
核心层,1
核验,1
桂花,1
桃李,1
框架,1
案例,1
桔咚,1
档期,1
桥梁,1
梅文,1
梅西,1
梦之队,1
梦回,1
棱角,1
植物,1
楼栏,1
楼莉雯,1
概况,1
概念,1
榜上有名,1
樊一削,1
樊咚,1
樊振东加,1
樊振东叠场,1
樊振东康,1
樊振东忆,1
樊振东演,1
樊振东版,1
樊振东玉泽,1
樊振东用,1
模块化,1
模样,1
横屏,1
次年,1
次次,1
次轮,1
欢乐,1
欢依寒雪,1
欣喜,1
欣赏,1
欧元,1
欧冠版,1
欧战,1
欧洲杯,1
欲眺,1
欲知,1
欲言又止,1
歌迷,1
正佳,1
正值,1
正常人,1
正确看待,1
正面,1
此举,1
此处,1
此时,1
此消彼长,1
此起彼伏,1
此项,1
步入正轨,1
步金坪,1
武术,1
武林大会,1
武林高手,1
武汉,1
武装,1
死守,1
残妆,1
残红,1
残酷,1
殷勤,1
毅世,1
毅淇,1
毋庸置疑,1
每家,1
每条,1
每队,1
比不上,1
比乒超,1
比例,1
比利时,1
比巴,1
比拼,1
比比皆是,1
比起,1
比较关心,1
比达,1
毕业,1
毛笔,1
民主评议,1
气温,1
水产,1
水土不服,1
水溶,1
水灵灵,1
永久,1
求个,1
汉传,1
汉语,1
汕头,1
汗水,1
江东,1
江苏省,1
汲取,1
沉溺,1
沉重,1
沟前,1
没个,1
没发,1
没底,1
没打,1
没查,1
没球,1
没画,1
没能,1
沮丧,1
河南,1
油皮,1
治理,1
法兰克福,1
法兰克福机场,1
法国巴黎,1
波兰,1
波谲,1
注入,1
注册手续,1
泷方,1
洒脱,1
洗发水,1
洗完,1
洛阳市,1
洞见,1
洪涝灾害,1
活跃,1
派别,1
派对,1
流动,1
流浪,1
流芳,1
流逝,1
流锅凉,1
浅灰,1
测验,1
浏览器,1
浑江,1
浑身,1
浓密,1
浙江,1
浪漫,1
浮光,1
海者,1
浸出,1
消化,1
消暑,1
消极,1
消费品,1
涉华,1
润色,1
涵盖,1
淀粉,1
淀粉酶,1
淡瞰,1
深域,1
深山,1
深思,1
深灰,1
深秋,1
深阶,1
深陷,1
清华,1
清单,1
清幽,1
清新,1
清晰可见,1
清流,1
清秀,1
清醒,1
渐变,1
渡飘桑,1
温度,1
温特,1
港澳,1
游戏,1
游荡,1
湖北,1
湿哒,1
湿身,1
湿透,1
溪谷,1
滑铁卢,1
满分,1
满天,1
满满,1
滴水不漏,1
滴落,1
漂洋过海,1
漂灿帅,1
漏洞,1
演唱,1
演唱会,1
演说家,1
漫展,1
漫游,1
潇湘,1
潍坊,1
潘德祥,1
潺潺流水,1
激励,1
灌篮,1
火候,1
灵魂,1
灵鹿,1
灵龙,1
灶台,1
炮弹,1
炮轰,1
点优,1
点位,1
点儿,1
点哈,1
点头,1
点樊振,1
点残,1
点点,1
点进,1
点钟,1
烟袅,1
烟雨,1
烦遥愁,1
热得,1
热恋,1
热点新闻,1
热销,1
热门,1
热门话题,1
焦点人物,1
照及,1
照顾,1
熏落,1
熬过来,1
爆出,1
爆料,1
爆满,1
爱上,1
爱去,1
爱奇艺,1
爱情,1
爱提,1
爱酷,1
片段,1
版图,1
版本,1
版配,1
牙刷,1
牛牛,1
牧星,1
牵手,1
牵绊,1
特别强调,1
特别感谢,1
特定,1
特性,1
特指,1
特早,1
特朗普,1
特殊,1
特罗夫,1
特调,1
特质,1
犀利,1
狂欢,1
独占,1
独步,1
独特,1
独身,1
狮友会,1
狼队,1
猛将,1
猛涨,1
猪发,1
猪排,1
猪来,1
猪猪,1
猪肉,1
献策,1
玄乎,1
率队,1
率领,1
玉体,1
玉雪,1
玉骨芳扉,1
王传耀,1
王大叔,1
王安珍杏阶,1
王志称,1
王志要,1
王志谈,1
王文荣,1
王楠,1
王母,1
王白告,1
王艺迪,1
玩具,1
玩意儿,1
玩票,1
玩起来,1
环疆,1
环碑,1
环顾四周,1
现年,1
现行,1
现读,1
珍宝,1
珍珍,1
珍珠,1
珍藏,1
球之威,1
球人,1
球太多,1
球手,1
球拍,1
球有,1
球服,1
球童,1
球迹,1
球速,1
球风,1
理会,1
理发,1
理应,1
琉球,1
瑟露,1
瑶宫,1
瓜田,1
瓦称,1
瓦辛斯费,1
瓶颈,1
甜心,1
生产商,1
生产工艺,1
生出,1
生威,1
生存,1
生就,1
生涯规划,1
生源,1
用来,1
用玉泽,1
由谁来,1
甲有,1
甲沟炎,1
申办,1
申报,1
申裕斌,1
申请加入,1
电动,1
电动牙刷,1
电子,1
电子产品,1
电子版,1
电影,1
电影票房,1
电竞,1
电视台,1
男双,1
男子单打,1
画到,1
畅谈,1
畅通,1
畅饮,1
畏高,1
留个心眼,1
留在,1
留存,1
留学,1
留有,1
留白,1
略有,1
疑似,1
疑虑,1
疫病,1
病毒性,1
痛楚,1
登上,1
登记,1
登陆,1
白出,1
白开水,1
白月光,1
白洋淀,1
白雪,1
百分之五,1
百分百,1
百城,1
百媚,1
百幕,1
百科,1
百里,1
皮爱,1
皮肤,1
盈体,1
盈娇,1
盈眸,1
监测,1
监管,1
盘点,1
目光,1
盲盒,1
直拍,1
直白,1
直至,1
直观,1
直达,1
直通,1
相似,1
相对,1
相应,1
相当于,1
相约,1
相见,1
省份,1
省考,1
省超,1
看一遍,1
看不得,1
看不懂,1
看乒颜,1
看倩,1
看吧,1
看国,1
看好,1
看弗队,1
看得,1
看得出,1
看振东,1
看点,1
看球,1
看花开,1
看起,1
看重,1
真假,1
真像,1
真好,1
真得,1
真怪,1
真敢,1
真是太,1
真章,1
真要,1
真诚,1
眼球,1
眼界,1
眼睛,1
眼里,1
着重,1
睡不着,1
睡个,1
睡眠,1
睡着,1
督战,1
瞧一瞧,1
瞬移,1
瞭望,1
矢一,1
矢车菊,1
知名,1
知己知彼,1
短哈,1
短暂,1
短球,1
短短,1
码个,1
研究室,1
破例,1
破费,1
破风来,1
硫酸,1
硬仗,1
硬汉,1
确切,1
确定无疑,1
碎碎念,1
碧枝,1
碰到,1
碰撞,1
碰碰,1
碼賽,1
磕磕绊绊,1
磕颜剧,1
磨平,1
磨炼,1
礼拜,1
礼盒,1
礼请,1
礼貌,1
社会,1
社媒,1
祈福,1
祖国,1
祖宗,1
祝绪丹,1
祝贺,1
祝霉霉,1
神仙,1
神图,1
神奈川,1
神威,1
神秘,1
神话,1
票之差,1
票价,1
票务,1
票及,1
禁赛,1
福建,1
福建省,1
福饼,1
离家,1
离家出走,1
离散,1
离樊振东,1
秀出,1
秀动,1
秀蛮,1
秀连输,1
私信,1
私聊,1
秉承,1
秋果,1
种类,1
科尼,1
科目,1
秘方,1
租借,1
租来,1
秦观体,1
积攒,1
积极参与,1
称会,1
称呼,1
称若,1
称赞,1
稀奇,1
稀有,1
程圖,1
程序,1
程度,1
稍平,1
税前,1
稳定局势,1
稳扎稳打,1
稻香,1
空前,1
空座,1
穿着,1
穿过,1
穿透,1
突出,1
突发奇想,1
窗口期,1
窗户,1
窝里,1
立下,1
立即,1
立场,1
立足,1
站稳,1
竞争对手,1
竞体,1
竞圈,1
竞猜,1
竞选,1
竟是,1
章法,1
端机,1
竹堤,1
竹席,1
竹葱,1
笃于,1
笑成,1
符合国际,1
符合条件,1
符合要求,1
第一件,1
第一位,1
第一周,1
第一张,1
第一战,1
第一站,1
第一轮,1
第三第四,1
第二个,1
第二件,1
第二局,1
第二张,1
第五,1
第五轮,1
第六,1
第六轮,1
第几个,1
第四天,1
第四轮,1
第四阶段,1
等同,1
等级,1
答复,1
答记者问,1
策划,1
筛人滤物,1
筛子,1
筹备,1
签名,1
签订,1
简介,1
简单化,1
简称,1
简约,1
算个,1
管理处,1
管理机构,1
箱子,1
篇幅,1
篱东,1
篱墙,1
篱秀,1
篱院,1
米亚,1
类型,1
类比,1
粉白,1
粉萍,1
精准,1
精力,1
精华,1
精确,1
糖糖,1
糯米,1
素履所往,1
素材,1
索林则,1
紧密,1
絮丛堆,1
繁荣,1
纠结,1
红双喜,1
红瑰,1
红盘,1
红颜,1
红黑,1
纪录,1
纪录片,1
纵归,1
线上,1
练习,1
练练手,1
练起来,1
组别,1
组合,1
细化,1
细品,1
细腻,1
细雨,1
终于,1
终将,1
终是,1
终止,1
终点,1
终身,1
经得起,1
经济制裁,1
结婚,1
结尾,1
结局,1
结晶体,1
给国,1
绝不能,1
绝佳,1
绝技,1
统一,1
统筹,1
统计,1
继续前进,1
续法,1
续约,1
维护,1
综上,1
绿树,1
绿盘,1
绿野仙踪,1
编超话,1
缘分,1
缘由,1
缝球,1
缤纷,1
缺一不可,1
缺乏,1
缺什么,1
缺从,1
缺少,1
缺点,1
网上,1
网信,1
网络,1
罕见,1
罗列,1
罗纳尔多,1
羊儿,1
美和则,1
美宇,1
美的,1
美羊羊,1
美职,1
美观,1
美防长,1
群俊明,1
群山,1
群芳,1
群采,1
群里,1
翠柳,1
翩翩,1
翩雁环,1
翻山越岭,1
翻车,1
老兵,1
老吕,1
老外,1
老天,1
老板,1
老瓦评,1
老祖宗,1
老老实实,1
考公考,1
考考你,1
考超话,1
而单,1
而国,1
而定,1
而战,1
而方博,1
而生,1
耳朵,1
聊一聊,1
聊天,1
聊天儿,1
职业化,1
职责,1
联合声明,1
联合行动,1
联络,1
联络人,1
联邦,1
聘请,1
聚合,1
聚集,1
聪明,1
肉眼,1
股侠,1
肩上,1
肩负,1
肩负着,1
肯雅热,1
背井离乡,1
背刺,1
背头,1
背着,1
背面,1
胎生,1
胖儿,1
胖子,1
胖球,1
胖胖的,1
胜制,1
胜败乃兵家常事,1
胞外,1
胞外基质,1
胡克,1
胭休,1
胭漏,1
胭脂,1
能带,1
能行,1
脑袋,1
脚步,1
脚法,1
脚踏,1
脱靶,1
脸上,1
膜过滤,1
膝盖,1
自主,1
自会,1
自如,1
自存,1
自家,1
自我剖析,1
自有,1
自杀,1
自洽,1
自然,1
自行车,1
自身,1
臭屁,1
至今,1
至今已有,1
至尊版,1
舍利,1
舍己,1
舍得,1
舍近求远,1
舒服,1
舒适,1
舞台,1
航班信息,1
航空,1
良机,1
艰难,1
色号,1
艾特,1
艾特百京,1
芜湖,1
芬霏,1
花式,1
花湖,1
花絮,1
花里胡哨,1
花院,1
芳韵,1
苍苍,1
苍茫,1
苏大,1
苏迪,1
苗子,1
英文名称,1
英雄,1
茂密,1
范思琪,1
茅台,1
荒丛景,1
荒郊,1
荣幸,1
荣耀,1
荣膺,1
荣誉,1
荧屏,1
莫问,1
莱奥,1
莲蓬,1
获得性,1
获热议,1
菊花,1
菌株,1
菌种,1
萌娃,1
萍前,1
营业,1
萧渠瑟域,1
萧粗,1
萧郎,1
萨内,1
落下,1
落实,1
落幕,1
落户,1
落日,1
落选,1
著称,1
葫芦,1
葵瓜,1
蒂卡,1
蒙彼利埃,1
蒙特,1
蒙蒙,1
蓄力,1
蓄势,1
蓄电池,1
蓝宝,1
蓦然回首,1
蓬庐,1
蔡旺庭,1
蔡猛,1
蔫丛韵,1
薄文,1
薛之怪,1
藏真,1
藏身之处,1
藕花,1
虚假,1
虚拟,1
虽败犹荣,1
蚊媒,1
蛋糕,1
蛐蛐,1
蜀风,1
蜜同,1
蝴蝶,1
蝶侣,1
蝶儿,1
蝶花棠,1
融入,1
血液,1
行径,1
行情,1
行李牌,1
行李箱,1
行香子,1
衍生,1
衔接,1
街头,1
衣上,1
衣着,1
表白,1
表达方式,1
表面,1
衰减,1
袁雪娇,1
袭击,1
装上,1
装作,1
装修,1
装置,1
裤裤,1
褒扬,1
西到,1
西北地区,1
西斯,1
西行,1
要不是,1
要是,1
见哈,1
见图,1
见过,1
见闻,1
见雁踪,1
见面会,1
观众席,1
观战,1
观注,1
规程,1
规避,1
视为,1
视野,1
解决,1
解放,1
解杂,1
解锁,1
言论,1
警惕,1
警方,1
计算器,1
订好,1
订票,1
认准,1
训练馆,1
记不清,1
记忆,1
记者会,1
记载,1
讲个,1
讲解,1
讲解员,1
许愿,1
论道,1
设备,1
设施,1
设置,1
证据,1
评判,1
词千段,1
试图,1
试着,1
试行,1
诗文,1
诚邀,1
话语权,1
诠释,1
诡秘,1
该变,1
该队,1
详见,1
语君,1
语录,1
语言,1
误以为,1
误差,1
误用,1
误食,1
说不出,1
说些,1
说到底,1
说句,1
说完,1
说白了,1
说真的,1
说霉霉,1
诺德,1
读法,1
读研,1
谁家,1
谁给我,1
调侃,1
调整期,1
调料,1
调研材料,1
调节,1
调试,1
谢谢你们,1
谦逊,1
谨记,1
豆包,1
豆米,1
象牙塔,1
豪取,1
豪斯,1
豪途,1
豪门,1
責任,1
贝内,1
贝特,1
负担,1
贡山,1
贡献力量,1
财报,1
责任感,1
质变,1
质量,1
购票,1
贴心,1
贵在,1
贵州,1
贸易,1
贺电,1
贾哈,1
资料,1
资本运作,1
赈灾,1
赋绵篇,1
赚钱,1
赛代练,1
赛果,1
赛比,1
赛点,1
赞助,1
赞助商,1
赞成,1
赞汉超,1
赠与,1
赢回来,1
赢家,1
赢球,1
赢过,1
赤蜂,1
走一遍,1
走上,1
走出,1
走来,1
走路,1
赴京,1
赵长卿体,1
赶来,1
赶紧,1
起火,1
起起伏伏的,1
趁有,1
趁着,1
超值,1
超全,1
超出,1
超时,1
超标,1
超纲,1
超越自我,1
超近,1
超酷,1
足以,1
足协,1
趴在,1
跌破,1
跑步,1
跑马,1
跟上,1
跟德,1
跟访,1
跟随,1
跨国,1
跨域,1
跨年度,1
跨越,1
路上,1
路径,1
路数,1
路易斯,1
路标,1
路线,1
踏雪寻梅,1
踢法,1
踢足球,1
蹦蹦跳跳,1
身上,1
身为,1
身在,1
身处,1
身心俱疲,1
车型,1
车影,1
轩然大波,1
转个,1
转个场,1
转化,1
转售,1
转型,1
转折,1
转票,1
软件,1
软软,1
轻抚,1
载体,1
载入史册,1
较大,1
输在,1
输才,1
输是,1
辛苦,1
辞职,1
达到,1
达到最佳,1
达标,1
迁移,1
过些天,1
过期,1
过问,1
迎合,1
迎面,1
运动器材,1
运动鞋,1
近年,1
返回,1
返程,1
还原,1
还好,1
还白,1
还给,1
还长,1
这下,1
这么久,1
这事用,1
这会,1
这会儿,1
这儿,1
这张,1
这才,1
这波,1
这笔,1
这类,1
这组,1
这要,1
这趟,1
这辈子,1
进度,1
进攻,1
进来,1
远离,1
远行,1
远近,1
远隔,1
违规,1
连任,1
连汗,1
连用,1
连续作战,1
连轴转,1
迪丽,1
迪克,1
迪士尼,1
迫性,1
迷茫,1
迹朦如,1
迹浮,1
迹象,1
追上,1
追夢人,1
追捧,1
追私,1
追踪,1
追问,1
追随,1
退出键,1
退排,1
退票,1
退货,1
退赛,1
适合,1
适应度,1
适应性,1
适应期,1
适应环境,1
适应能力,1
适应需要,1
适当,1
逃避,1
逆境,1
逆旅,1
选择性,1
选票,1
逐字,1
途径,1
逗留,1
通告,1
通知,1
通行,1
速览,1
逻辑,1
遇挫,1
運動員應,1
道歉信,1
道路,1
遗传性,1
遗漏,1
避孕药,1
邀约,1
邀请赛,1
那位,1
那俩,1
那句,1
那场,1
那好,1
那得,1
那才,1
那种,1
郑房,1
郑蕾,1
郑钦,1
郝帅,1
郭斌,1
配合,1
配置,1
酥梨,1
酵母,1
酷儿,1
酷酷,1
采用,1
里肌肉,1
重上,1
重不重,1
重合,1
重建,1
重播,1
重温,1
重演,1
重磅,1
重视,1
重走,1
重蹈覆辙,1
重量,1
野肆,1
量心,1
金主,1
金分,1
金华,1
金油,1
金泽港,1
金牌,1
金粉,1
针对性,1
钦以,1
钦胜,1
铁杆,1
铁的纪律,1
铁粉,1
银色,1
销魂,1
错误,1
锤炼,1
锦上添花,1
锦前,1
锦同品,1
锦囊,1
锦路,1
锵锵,1
长久,1
长久以来,1
长效,1
长时间,1
长春,1
长球,1
长篇,1
长袖,1
长达,1
长途飞行,1
闪电,1
闪耀,1
闪购,1
闫安谈,1
闭馆,1
问一问,1
问住,1
闯荡,1
闲着,1
闲趣,1
闷热,1
闹事,1
闻声,1
阁下,1
阁畔,1
阆头鸯,1
阎桂丽,1
阔别,1
队员,1
防备,1
防守反击,1
防窥膜,1
防脱,1
防长,1
阳关,1
阴谋论,1
阶头,1
阶头巷,1
阻力,1
阻断,1
阿姨,1
阿尔贝托,1
阿布,1
阿德里安,1
阿美莉,1
阿贝贝,1
阿超,1
附近,1
陈娇,1
陈梦,1
陌生人,1
陌陌,1
限于,1
限值,1
限定,1
限量,1
陶醉,1
陷入,1
随便,1
随即,1
随和,1
随手,1
随时欢迎,1
随机,1
随缘,1
随队,1
隐式,1
隐蔽,1
隶属,1
难不成,1
难以忘怀,1
难以承受,1
难免,1
难受,1
难度,1
难忘,1
难整,1
难言,1
雁舞林沟,1
雄安乒超,1
雄安文,1
集中精力,1
集徐,1
雨过天晴,1
雪亮,1
雪花,1
雷尔,1
雷斯特,1
雷暴,1
震动,1
霉粉,1
霉霉新,1
霜露,1
霸王,1
霸道,1
青少年,1
青年,1
青年队,1
青疆,1
青睐有加,1
青铜,1
静一静,1
静下心,1
静待,1
静静,1
非乒超,1
非受,1
非必要,1
非洲,1
非鸟,1
靠前,1
面子,1
靳个理,1
靶点,1
鞋换,1
韩国,1
韬哥,1
顶尖高手,1
顶替,1
顶流,1
顶薪,1
顶部,1
顶风,1
顺其自然,1
顺带,1
顺眼,1
须知,1
顾及,1
预估,1
预想,1
预设,1
预赛,1
预选赛,1
领个,1
领军,1
领口,1
领悟,1
频布,1
频挥,1
频涌,1
频翻,1
频赋,1
频道,1
频顾,1
颠球,1
风云,1
风声,1
风寒,1
风景,1
风景线,1
风行者,1
飘蓬,1
飘零,1
飙升,1
飞往,1
飞机,1
飞羽,1
飞赴,1
飞越,1
食安办,1
食用,1
饮品,1
饮料,1
首发,1
首回合,1
首夺,1
首日,1
首秀二,1
首秀代,1
首秀低,1
首秀双,1
首秀来,1
首秀见,1
首秀赛,1
首秀输,1
首站,1
首要条件,1
首负,1
香盈絮域,1
香韵,1
馨心,1
馨阳,1
马克,1
马拉松,1
马琳,1
马菀含,1
驱动,1
驻守,1
驻德,1
骂战,1
骑着,1
骑行,1
高光,1
高兴,1
高分,1
高压,1
高呼,1
高峰,1
高干,1
高德,1
高手如云,1
高标准,1
高残留,1
高温,1
高考,1
高考题,1
高阳,1
高高的,1
鬼斧神工,1
魄寒,1
魅力,1
鲜少,1
鲜肉,1
鸡蛋,1
麻烦,1
黄丛,1
黄沙,1
黄油,1
黄玫瑰,1
黄蜂,1
黄金,1
黏乎,1
黑屏,1
黑评,1
默默,1
點新聞,1
鼓鼓的,1
齐宝香,1
齐聚,1
龇牙,1
龙龙,1
